{"cameraMode":{"drawMode":0,"name":"Shaded","section":"Shading Mode"},"sceneLighting":true,"audioPlay":false,"sceneViewState":{"m_AlwaysRefresh":false,"showFog":true,"showSkybox":true,"showFlares":true,"showImageEffects":true,"showParticleSystems":true,"showVisualEffectGraphs":true,"m_FxEnabled":true},"in2DMode":false,"pivot":{"x":0.08253109455108643,"y":0.5710796117782593,"z":-0.8865773677825928},"rotation":{"x":0.16173969209194184,"y":-0.3298359513282776,"z":0.05746783688664436,"w":0.9283027648925781},"size":12.701045036315918,"orthographic":false}